<?xml version="1.0" encoding="UTF-8"?>
<project-private xmlns="http://www.netbeans.org/ns/project-private/1">
    <editor-bookmarks xmlns="http://www.netbeans.org/ns/editor-bookmarks/2" lastBookmarkId="0"/>
    <open-files xmlns="http://www.netbeans.org/ns/projectui-open-files/2">
        <group>
            <file>file:/C:/Users/Guilherme/Documents/NetBeansProjects/registro-despesas/src/model/Usuario.java</file>
            <file>file:/C:/Users/Guilherme/Documents/NetBeansProjects/registro-despesas/src/model/Despesa.java</file>
            <file>file:/C:/Users/Guilherme/Documents/NetBeansProjects/registro-despesas/src/dao/Conexao.java</file>
            <file>file:/C:/Users/Guilherme/Documents/NetBeansProjects/registro-despesas/src/main/Main.java</file>
            <file>file:/C:/Users/Guilherme/Documents/NetBeansProjects/registro-despesas/src/dao/DespesaDAO.java</file>
            <file>file:/C:/Users/Guilherme/Documents/NetBeansProjects/registro-despesas/src/view/TelaDespesas.java</file>
        </group>
    </open-files>
</project-private>
